INSERT INTO HEAD (head_id, name, title, experience, salary, valid_from, valid_to) VALUES
	(1, 'Константин Дмитриевич Ушинский', 'Министр', 145, 8500, '1954-01-15', NULL),
    (2, 'Михаил Васильевич Ломоносов', 'Министр', 211, 8500, '2000-01-24', NULL),
    (3, 'Филиппов Николай Иванович', 'Министр', 3, 8450, '2022-06-01', NULL),
    (4, 'Иванов Иван Иванович', 'Директор департамента', 10, 7500, '2015-03-12', NULL),
    (5, 'Соколова Виктория Алексеевна', 'Начальник управления', 8, 7300, '2017-08-10', NULL),
    (6, 'Сидоров Дмитрий Игоревич', 'Начальник академии', 12, 7800, '2013-07-18', NULL),
    (7, 'Кузнецова Елена Петровна', 'Министр', 15, 8600, '2010-09-25', NULL),
    (8, 'Смирнов Алексей Николаевич', 'Директор', 7, 7400, '2018-11-30', NULL),
    (9, 'Мельникова Анастасия Денисовна', 'Директор департамента', 6, 7200, '2019-04-05', NULL),
    (10, 'Козлов Павел Андреевич', 'Начальник управления', 11, 7700, '2014-04-10', NULL),
    (11, 'Новикова Татьяна Дмитриевна', 'Министр', 20, 8700, '2005-06-05', NULL),
    (12, 'Морозов Иван Васильевич', 'Директор департамента', 6, 7300, '2019-08-22', NULL),
    (13, 'Воронов Артём Сергеевич', 'Начальник управления', 9, 7600, '2016-11-20', NULL),
    (14, 'Алексеев Алексей Алексеевич', 'Начальник управления', 13, 7900, '2012-12-01', NULL),
    (15, 'Соколов Артем Игоревич', 'Министр', 18, 8800, '2008-01-20', NULL),
    (16, 'Ковалёва Анна Дмитриевна', 'Директор департамента', 5, 7200, '2020-03-18', NULL),
    (17, 'Громов Арсений Максимович', 'Директор департамента', 7, 7400, '2018-05-12', NULL),
    (18, 'Федоров Андрей Викторович', 'Начальник лаборатории', 14, 8000, '2011-07-10', NULL),
    (19, 'Медведев Иван Олегович', 'Министр', 22, 8900, '2003-09-05', NULL),
    (20, 'Петренко Ольга Александровна', 'Директор департамента', 4, 7100, '2021-11-22', NULL),
    (21, 'Тарасова Елизавета Кирилловна', 'Начальник управления', 8, 7500, '2017-02-14', NULL),
    (22, 'Беляева Екатерина Павловна', 'Директор', 16, 8100, '2009-03-10', NULL),
    (23, 'Тихонов Владислав Николаевич', 'Министр', 25, 9000, '2000-05-01', NULL),
    (24, 'Савельева Алина Артемовна', 'Директор департамента', 3, 7000, '2022-07-12', NULL),
    (25, 'Крылов Денис Станиславович', 'Начальник управления', 10, 7700, '2015-09-18', NULL),
    (26, 'Зимина Вероника Игоревна', 'Начальник обсерватории', 17, 8200, '2008-11-10', NULL),
    (27, 'Кудрявцев Артём Валерьевич', 'Министр', 30, 9200, '1995-01-05', NULL),
    (28, 'Мартынова София Романовна', 'Директор департамента', 2, 6900, '2023-03-22', NULL),
    (29, 'Орлов Александр Витальевич', 'Начальник управления', 12, 7800, '2014-05-15', NULL),
    (30, 'Королёва Анастасия Денисовна', 'Начальник лаборатории', 19, 8300, '2006-07-10', NULL),
    (31, 'Лаптев Роман Витальевич', 'Министр', 35, 9500, '1990-09-01', NULL),
    (32, 'Фролова Ксения Артёмовна', 'Директор департамента', 1, 6800, '2024-01-12', NULL),
    (33, 'Давыдов Антон Павлович', 'Начальник управления', 11, 7900, '2013-03-18', NULL),
    (34, 'Ермаков Данил Сергеевич', 'Директор', 20, 8400, '2005-05-10', NULL),
    (35, 'Гусева Мария Олеговна', 'Министр', 40, 9800, '1985-07-05', NULL),
    (36, 'Сорокин Игорь Владимирович', 'Директор', 2, 7000, '2023-09-22', NULL),
    (37, 'Комарова Виктория Игоревна', 'Начальник управления', 15, 8200, '2010-11-15', NULL),
    (38, 'Пономарёв Артур Дмитриевич', 'Начальник управления', 21, 8500, '2004-01-10', NULL),
    (39, 'Орлова Дарья Андреевна', 'Министр', 45, 10000, '1980-03-01', NULL),
    (40, 'Мельников Станислав Викторович', 'Директор', 3, 7100, '2022-05-12', NULL),
    (41, 'Гришин Кирилл Алексеевич', 'Начальник управления', 13, 8000, '2012-07-18', NULL),
    (42, 'Терехова Алёна Сергеевна', 'Министр', 22, 8600, '2003-09-10', '2011-11-02'),
    (43, 'Баранов Евгений Олегович', 'Министр', 50, 10500, '1975-11-05', NULL),
    (44, 'Калинин Алексей Денисович', 'Директор департамента', 4, 7200, '2021-01-22', NULL),
    (45, 'Семёнова Елизавета Павловна', 'Начальник управления', 14, 8100, '2011-03-15', NULL),
    (46, 'Рябов Дмитрий Игоревич', 'Начальник управления', 23, 8700, '2002-05-10', NULL),
    (47, 'Макарова Ангелина Валерьевна', 'Министр', 55, 11000, '1970-07-01', NULL),
    (48, 'Логинов Артём Сергеевич', 'Директор департамента', 5, 7300, '2020-09-12', NULL),
    (49, 'Кузьмин Владислав Андреевич', 'Начальник управления', 16, 8300, '2009-11-18', NULL),
    (50, 'Степанова Валерия Романовна', 'Начальник управления', 24, 8800, '2001-01-10', '2015-03-11'),
    (51, 'Удовенко Артём Ильич', 'Министр', 5, 9100, '2020-03-15', NULL),
    (52, 'Родионов Максим Валерьевич', 'Директор департамента', 9, 7600, '2016-02-10', NULL),
	(53, 'Шестакова Арина Михайловна', 'Начальник управления', 7, 7400, '2018-04-18', NULL),
	(54, 'Горбунов Денис Олегович', 'Директор отдела', 28, 9300, '1997-08-15', NULL),
	(55, 'Колесникова Виталина Сергеевна', 'Директор', 5, 7300, '2020-10-05', NULL),
	(56, 'Субботин Кирилл Александрович', 'Начальник лаборатории', 12, 7900, '2013-12-01', NULL),
	(57, 'Ларина Полина Денисовна', 'Министр', 33, 9600, '1992-06-22', '2010-09-30'),
	(58, 'Тихомиров Владимир Андреевич', 'Директор департамента', 6, 7500, '2019-07-14', NULL),
	(59, 'Маслова Алиса Евгеньевна', 'Начальник академии', 18, 8400, '2007-05-19', NULL),
	(60, 'Зуев Артём Игоревич', 'Министр', 42, 9900, '1983-03-12', NULL),
	(61, 'Носкова Дарья Павловна', 'Директор', 4, 7200, '2021-09-08', NULL),
	(62, 'Блинов Станислав Витальевич', 'Начальник управления', 15, 8200, '2010-11-03', NULL),
	(63, 'Ефимова Ульяна Романовна', 'Директор отдела', 38, 9700, '1987-02-28', NULL),
	(64, 'Щукин Александр Дмитриевич', 'Директор департамента', 8, 7600, '2017-01-25', NULL),
	(65, 'Сазонова Вероника Андреевна', 'Начальник обсерватории', 21, 8600, '2004-04-17', NULL),
	(66, 'Куликов Иван Максимович', 'Министр', 47, 10200, '1978-09-10', '2022-12-31'),
	(67, 'Токарева Милана Артёмовна', 'Директор', 3, 7100, '2022-08-11', NULL),
	(68, 'Лазарев Глеб Сергеевич', 'Начальник управления', 13, 8000, '2012-10-05', NULL),
	(69, 'Маркова Арина Кирилловна', 'Министр', 29, 9400, '1996-04-20', NULL),
	(70, 'Белов Роман Олегович', 'Директор департамента', 7, 7500, '2018-03-15', NULL),
	(71, 'Гордеева Софья Дмитриевна', 'Начальник лаборатории', 16, 8300, '2009-06-12', NULL),
	(72, 'Корчагин Дмитрий Владимирович', 'Министр', 51, 10600, '1974-12-05', NULL),
	(73, 'Селиверстова Екатерина Ильинична', 'Директор агентства', 2, 7000, '2023-05-18', NULL),
	(74, 'Фомин Арсений Андреевич', 'Начальник управления', 14, 8100, '2011-08-22', NULL),
	(75, 'Рожкова Ангелина Викторовна', 'Министр', 36, 9800, '1989-10-07', NULL),
	(76, 'Широков Даниил Павлович', 'Директор департамента', 9, 7700, '2016-07-30', NULL),
	(77, 'Кондратьева Алиса Сергеевна', 'Начальник академии', 19, 8500, '2006-09-14', NULL),
	(78, 'Лужков Михаил Юрьевич', 'Министр', 44, 10100, '1981-05-25', NULL),
	(79, 'Туманова Виктория Олеговна', 'Директор', 5, 7300, '2020-12-01', NULL),
	(80, 'Горелов Александр Игоревич', 'Начальник управления', 17, 8400, '2008-02-18', NULL),
	(81, 'Золотова Валерия Денисовна', 'Министр', 39, 9900, '1986-04-12', '2023-06-15'),
	(82, 'Крылов Илья Станиславович', 'Директор департамента', 10, 7800, '2015-01-09', NULL),
	(83, 'Сорокина Анастасия Владимировна', 'Начальник обсерватории', 22, 8700, '2003-07-07', NULL),
	(84, 'Корнеев Павел Александрович', 'Министр', 53, 10800, '1972-11-30', NULL),
	(85, 'Михеева Кристина Игоревна', 'Директор', 4, 7200, '2021-04-22', NULL),
	(86, 'Григорьев Андрей Дмитриевич', 'Начальник управления', 15, 8200, '2010-10-10', NULL),
	(87, 'Лобанова Мария Алексеевна', 'Министр', 31, 9500, '1994-03-18', NULL),
	(88, 'Куприянов Виктор Сергеевич', 'Директор департамента', 8, 7600, '2017-06-05', NULL),
	(89, 'Савина Алина Михайловна', 'Начальник отдела', 20, 8500, '2005-08-12', NULL),
	(90, 'Жуковский Артём Владимирович', 'Директор отдела', 48, 10300, '1977-01-15', NULL),
	(91, 'Князева Дарья Романовна', 'Директор', 3, 7100, '2022-09-27', NULL),
	(92, 'Потапов Никита Андреевич', 'Начальник управления', 16, 8300, '2009-12-03', NULL),
	(93, 'Симонова Елена Витальевна', 'Министр', 34, 9700, '1991-02-14', NULL),
	(94, 'Егоров Сергей Олегович', 'Директор департамента', 7, 7500, '2018-08-19', NULL),
	(95, 'Калинина Ольга Игоревна', 'Начальник академии', 21, 8600, '2004-10-05', NULL),
	(96, 'Шевцов Денис Валерьевич', 'Министр', 56, 11200, '1969-09-22', NULL),
	(97, 'Романова Анастасия Павловна', 'Директор', 6, 7400, '2019-11-11', NULL),
	(98, 'Архипов Иван Сергеевич', 'Начальник управления', 18, 8400, '2007-01-25', NULL),
	(99, 'Лебедева Валентина Дмитриевна', 'Министр', 41, 10000, '1984-07-08', NULL),
	(100, 'Степанов Артём Игоревич', 'Директор департамента', 11, 7800, '2014-05-30', NULL),
	(101, 'Волков Сергей Викторович', 'Директор департамента', 9, 7650, '2015-08-22', NULL),
    (102, 'Миронова Ольга Игоревна', 'Начальник управления', 6, 7450, '2018-11-10', '2023-02-01'),
    (103, 'Борисов Александр Петрович', 'Министр', 27, 9250, '1997-04-15', NULL),
    (104, 'Кузьмина Екатерина Андреевна', 'Директор академии', 14, 8150, '2010-06-30', NULL),
    (105, 'Герасимов Денис Олегович', 'Начальник лаборатории', 11, 7850, '2013-09-05', NULL),
    (106, 'Семенов Артём Николаевич', 'Министр', 32, 9550, '1992-12-20', NULL),
    (107, 'Петрова Анна Владимировна', 'Директор обсерватории', 19, 8650, '2005-03-12', NULL),
    (108, 'Федосеев Игорь Дмитриевич', 'Начальник управления', 8, 7550, '2016-07-18', NULL),
    (109, 'Коваленко Марина Сергеевна', 'Директор департамента', 5, 7250, '2019-10-01', NULL),
    (110, 'Тихомирова Виктория Павловна', 'Министр', 37, 9950, '1987-05-25', '2024-01-01'),
    (111, 'Соколовский Павел Игоревич', 'Начальник отдела', 12, 7950, '2012-01-14', NULL),
    (112, 'Гаврилов Алексей Анатольевич', 'Директор института', 21, 8750, '2003-08-09', NULL),
    (113, 'Орловская Надежда Викторовна', 'Министр', 43, 10450, '1981-11-30', NULL),
    (114, 'Зайцев Андрей Станиславович', 'Начальник управления', 7, 7350, '2017-04-03', NULL),
    (115, 'Игнатьева Татьяна Олеговна', 'Директор департамента', 4, 7150, '2020-09-20', NULL),
    (116, 'Крылов Михаил Александрович', 'Министр', 48, 10700, '1976-02-17', NULL),
    (117, 'Романова Елена Валерьевна', 'Начальник академии', 16, 8250, '2008-12-05', NULL),
    (118, 'Антонов Максим Сергеевич', 'Директор департамента', 8, 7550, '2016-03-10', NULL),
    (119, 'Васнецова Ольга Викторовна', 'Начальник управления', 5, 7250, '2019-07-22', NULL),
    (120, 'Григорьев Иван Дмитриевич', 'Министр', 28, 9350, '1996-11-15', NULL),
    (121, 'Дмитриева Анастасия Павловна', 'Директор академии', 12, 8050, '2012-09-05', NULL),
    (122, 'Егоров Павел Андреевич', 'Начальник лаборатории', 9, 7750, '2015-02-18', NULL),
    (123, 'Жукова Екатерина Игоревна', 'Министр', 34, 9650, '1990-08-12', '2020-05-30'),
    (124, 'Захаров Артем Владимирович', 'Директор обсерватории', 15, 8350, '2009-04-25', NULL),
    (125, 'Иванова Вероника Сергеевна', 'Начальник управления', 6, 7450, '2018-12-01', NULL),
    (126, 'Козловский Денис Олегович', 'Директор департамента', 7, 7650, '2017-06-14', NULL),
    (127, 'Лебедев Кирилл Александрович', 'Министр', 39, 10100, '1985-10-07', NULL),
    (128, 'Морозова Алина Денисовна', 'Начальник отдела', 3, 6950, '2021-08-19', NULL),
    (129, 'Николаев Станислав Игоревич', 'Директор института', 18, 8550, '2006-01-30', NULL),
    (130, 'Осипова Мария Викторовна', 'Министр', 44, 10650, '1980-03-22', NULL),
    (131, 'Петровский Андрей Николаевич', 'Начальник управления', 10, 7850, '2014-05-11', NULL),
    (132, 'Романова Виктория Алексеевна', 'Директор департамента', 4, 7150, '2020-11-03', NULL),
    (133, 'Семенов Дмитрий Валерьевич', 'Министр', 47, 10900, '1977-07-17', NULL),
    (134, 'Тарасов Артур Олегович', 'Начальник лаборатории', 13, 8150, '2011-09-28', NULL),
    (135, 'Ушакова Елена Дмитриевна', 'Директор академии', 17, 8450, '2007-12-09', NULL),
    (136, 'Федоров Сергей Петрович', 'Министр', 52, 11300, '1972-04-14', NULL),
    (137, 'Харитонова Анна Михайловна', 'Начальник управления', 8, 7550, '2016-08-23', NULL),
    (138, 'Цветков Алексей Игоревич', 'Директор департамента', 9, 7650, '2015-10-31', NULL),
    (139, 'Чернова Дарья Сергеевна', 'Министр', 29, 9450, '1995-02-25', NULL),
    (140, 'Шестаков Игорь Витальевич', 'Начальник лаборатории', 11, 7950, '2013-01-12', NULL),
    (141, 'Щукин Владимир Андреевич', 'Директор института', 20, 8650, '2004-06-07', NULL),
    (142, 'Юдина Елизавета Алексеевна', 'Министр', 37, 9950, '1987-09-18', NULL),
    (143, 'Яковлев Артем Денисович', 'Начальник управления', 6, 7350, '2018-04-05', NULL),
    (144, 'Белов Андрей Сергеевич', 'Директор департамента', 7, 7450, '2017-03-15', NULL),
    (145, 'Гусев Дмитрий Олегович', 'Министр', 41, 10350, '1983-12-28', NULL),
    (146, 'Данилова Ксения Викторовна', 'Начальник академии', 14, 8250, '2010-11-21', NULL),
    (147, 'Ермолаев Михаил Игоревич', 'Директор обсерватории', 16, 8350, '2008-07-03', NULL),
    (148, 'Зимин Александр Павлович', 'Министр', 45, 10750, '1979-05-19', NULL),
    (149, 'Ильина Татьяна Андреевна', 'Начальник управления', 5, 7250, '2019-10-14', NULL),
    (150, 'Кузьмина Ольга Дмитриевна', 'Директор департамента', 8, 7550, '2016-01-27', NULL),
    (151, 'Ларин Виктор Сергеевич', 'Министр', 33, 9750, '1991-08-11', NULL),
    (152, 'Максимова Анастасия Игоревна', 'Начальник лаборатории', 10, 7750, '2014-02-09', NULL),
    (153, 'Новиков Артем Викторович', 'Директор института', 19, 8550, '2005-04-22', NULL),
    (154, 'Орлов Павел Денисович', 'Министр', 50, 11100, '1974-06-05', NULL),
    (155, 'Полякова Виктория Сергеевна', 'Начальник управления', 7, 7450, '2017-12-16', NULL),
    (156, 'Рогов Илья Александрович', 'Директор департамента', 6, 7350, '2018-09-07', NULL),
    (157, 'Савченко Марина Олеговна', 'Министр', 36, 9850, '1988-03-29', NULL),
    (158, 'Тимофеев Денис Игоревич', 'Начальник академии', 15, 8250, '2009-10-10', NULL),
    (159, 'Ульянова Анна Витальевна', 'Директор обсерватории', 12, 8050, '2012-07-24', NULL),
    (160, 'Фролов Сергей Дмитриевич', 'Министр', 43, 10550, '1981-01-13', NULL),
    (161, 'Хохлов Артур Андреевич', 'Начальник управления', 9, 7650, '2015-11-30', NULL),
    (162, 'Царева Екатерина Игоревна', 'Директор департамента', 5, 7250, '2019-08-18', NULL),
    (163, 'Чернышев Михаил Викторович', 'Министр', 38, 10050, '1986-04-07', '2023-09-01'),
    (164, 'Шарова Алина Олеговна', 'Начальник лаборатории', 11, 7850, '2013-05-12', NULL),
    (165, 'Щербаков Владислав Сергеевич', 'Директор института', 17, 8450, '2007-02-25', NULL),
    (166, 'Юрьева Дарья Александровна', 'Министр', 46, 10850, '1978-10-08', NULL),
    (167, 'Якушев Игорь Николаевич', 'Начальник управления', 8, 7550, '2016-12-19', NULL);
	
INSERT INTO MINISTRY (ministry_id, name, ministry_section, head_id) VALUES
	(1, 'Администрация образования', 'Знания и прогресс', 1),
	(2, 'Администрация научных исследований', 'Знания и прогресс', 2),
	(3, 'Администрация научно-прогрессивного развития', 'Знания и прогресс', 3),
	(4, 'Администрация инновационной деятельности', 'Знания и прогресс', 7),
	(5, 'Администрация здравоохранения', 'Социальная сфера', 11),
	(6, 'Администрация искусства', 'Социальная сфера', 15),
	(7, 'Администрация досуга и туризма', 'Социальная сфера', 19),
	(8, 'Администрация спорта и физического здоровья', 'Социальная сфера', 23),
	(9, 'Администрация общественного порядка', 'Социальная сфера', 27),
	(10, 'Администрация транспорта', 'Социальная сфера', 31),
	(11, 'Администрация труда', 'Социальная сфера', 35),
	(12, 'Департамент защиты природы', 'Экология и развитие общества', 39),
	(13, 'Департамент внеземной колонизации', 'Экология и развитие общества', 43),
	(14, 'Управление по вопросам развития цивилизации', 'Экология и развитие общества', 47),
	(15, 'Администрация развития человеческой мысли', 'Экология и развитие общества', 51);

INSERT INTO ORGANISATION (organisation_id, name, head_id, ministry_id) VALUES
	(1, 'Главная научно-исследовательская лаборатория', 18, 2),
	(2, 'Главная художественная школа', 8, 6),
	(3, 'Центр исследования квантовой телепортации', 22, 3),
    (4, 'Академия цифрового искусства', 34, 6),
    (5, 'Институт подводной археологии', 17, 2),
    (6, 'Лаборатория био-люминесцентных организмов', 40, 2),
    (7, 'Главная обсерватория', 26, 2),
    (8, 'Центр робототехники', 14, 4),
    (9, 'Агентство космического туризма', 38, 7),
    (10, 'Институт забытых языков', 12, 1),
    (11, 'Лаборатория нейро-имплантов', 30, 4),
    (12, 'Центр альтернативной энергетики', 44, 4),
    (13, 'Академия голографического дизайна', 6, 6),
    (14, 'Институт криптозоологии', 28, 12),
    (15, 'Лаборатория атмосферной алхимии', 36, 3),
    (16, 'Институт нейрокибернетики', 41, 3);

INSERT INTO DEPARTMENT (department_id, name, head_id, ministry_id, organisation_id) VALUES
	(1,'Отдел детского образования', 63, 1, NULL), 
    (2,'Отдел старшего образования', 48, 1, NULL), 
    (3,'Отдел профессионального образования', 76, 1, NULL), 
    (4,'Департамент воспитания личности и развития морали', 54, 1, NULL), 
    (5,'Отдел космических наук', 88, 2, NULL), 
    (6,'Отдел точных наук', 100, 2, NULL), 
    (7,'Отдел гуманитарных наук', 91, 2, NULL), 
    (8,'Отдел естественных наук', 90, 2, NULL), 
    (9,'Отдел медицинских исследований', 89, 2, NULL), 
    (10,'Отдел информационной сферы', 80, 3, NULL), 
    (11,'Отдел машиностроения и робототехники', 79, 3, NULL), 
    (12,'Отдел космических технологий', 78, 3, NULL), 
    (13,'Отдел нанотехнологий', 77, 3, NULL), 
    (14,'Отдел технических инноваций', 75, 4, NULL), 
    (15,'Отдел инноваций человеческой мысли', 74, 4, NULL), 
    (16,'Отдел медицинских инноваций', 73, 4, NULL), 
    (17,'Отдел биоинженерии', 71, 5, NULL), 
    (18,'Отдел детской медицины', 70, 5, NULL), 
    (19,'Отдел взрослой медицины', 69, 5, NULL), 
    (20,'Карантинное управление', 68, 5, NULL), 
    (21,'Отдел изобразительного искусства', 72, 6, NULL), 
    (22,'Отдел музыкального и вокального искусств', 64, 6, NULL), 
    (23,'Отдел театрального искусства', 62, 6, NULL), 
    (24,'Отдел кинематографа', 61, 6, NULL), 
    (25,'Отдел художественной литературы', 60, 6, NULL), 
    (26,'Отдел скульптуры', 59, 6, NULL), 
    (27,'Отдел архитектурного искусства', 66, 6, NULL), 
    (28,'Отдел фотографии', 67, 6, NULL), 
    (29,'Департамент инноваций в искусстве', 65, 6, NULL), 
    (30,'Отдел туристических зон', 58, 7, NULL), 
    (31,'Отдел городских зон отдыха', 57, 7, NULL), 
    (32,'Управление мест общественного отдыха в малонаселенных районах', 56, 7, NULL), 
    (33,'Департамент борьбы с апатией и скукой', 55, 7, NULL), 
    (34,'Управление массовых спортивных мероприятий', 53, 8, NULL), 
    (35,'Отдел начальной физической подготовки', 52, 8, NULL), 
    (36,'Управление развития спорта', 81, 8, NULL), 
    (37,'Управление интеллектуальных видов спорта', 82, 8, NULL), 
    (38,'Отдел общественного наземного транспорта', 83, 10, NULL), 
    (39,'Отдел подземного транспорта', 92, 10, NULL), 
    (40,'Отдел водного транспорта', 93, 10, NULL), 
    (41,'Отдел подводного транспорта', 94, 10, NULL), 
    (42,'Отдел воздушного транспорта', 95, 10, NULL), 
    (43,'Отдел космического транспорта', 96, 10, NULL), 
    (44,'Отдел личного транспорта', 97, 10, NULL), 
    (45,'Отдел транспортных инноваций', 98, 10, NULL), 
    (46,'Управление по экономическим вопросам', 99, 11, NULL), 
    (47,'Управление по вопросам разделения производства и распределения работников', 116, 11, NULL), 
    (48,'Отделы администрации труда', 114, 11, NULL),
    (49,'Управление по экологическим вопросам в производстве', 113, 12, NULL),
    (51,'Управление по экологическим вопросам в сфере отдыха и туризма', 111, 12, NULL),
    (52,'Управление по экологическим вопросам в сфере транспорта', 108, 12, NULL),
    (53,'Управление по экологическим вопросам в энергетической сфере', 107, 12, NULL),
    (54,'Департамент инноваций в вопросах защиты природы', 106, 12, NULL),
    (55,'Отдел колониальной промышленности', 105, 13, NULL),
    (56,'Научно-исследовательский колониальный отдел', 103, 13, NULL),
    (57,'Отдел связи с внеземными колониями', 102, 13, NULL),
    (58,'Управление развития внеземных колоний', 101, 13, NULL),
    (59,'Управление колониальных инноваций', 104, 13, NULL),
    (60,'Управление по вопросам общественного порядка', 110, 9, NULL),
    (61,'Управление по вопросам развития цивилизации', 109, 14, NULL),
    (62,'Департамент развития человеческой мысли', 115, 15, NULL),
	(63,'Лаборатория квантовой оптики', 117, NULL, 1),
    (64,'Отдел криогенных исследований', 118, NULL, 1),
    (65,'Группа анализа больших данных', 119, NULL, 1),
    (66,'Студия цифровой скульптуры', 120, NULL, 2),
    (67,'Отдел реставрации фресок', 121, NULL, 2),
    (68,'Лаборатория телепортационных матриц', 122, NULL, 3),
    (69,'Исследовательский центр гравитационных аномалий', 123, NULL, 3),
    (70,'Студия 3D-моделирования', 124, NULL, 4),
    (71,'Отдел VR-арт-проектов', 125, NULL, 4),
    (72,'Лаборатория подводных дронов', 126, NULL, 5),
    (73,'Экспедиционный отдел глубоководных исследований', 127, NULL, 5),
    (74,'Биохимическая лаборатория люминесценции', 128, NULL, 6),
    (75,'Отдел генной инженерии светящихся организмов', 129, NULL, 6),
    (76,'Сектор астрофизических наблюдений', 130, NULL, 7),
    (77,'Группа планетарного мониторинга', 131, NULL, 7),
    (78,'Лаборатория антропоморфных роботов', 132, NULL, 8),
    (79,'Отдел нейроинтерфейсов', 133, NULL, 8),
    (80,'Архив древних манускриптов', 134, NULL, 10),
    (81,'Школа мертвых языков', 135, NULL, 10),
    (82,'Лаборатория нейроимплантов второго поколения', 136, NULL, 11),
    (83,'Отдел безопасности космических полётов', 137, NULL, 9),
    (84,'Центр подготовки космических туристов', 138, NULL, 9),
    (85,'Лаборатория гравитационных симуляторов', 139, NULL, 9),
    (86,'Отдел солнечной энергетики', 140, NULL, 12),
    (87,'Лаборатория ветрогенерации', 141, NULL, 12),
    (88,'Исследовательская группа биоэнергетики', 142, NULL, 12),
    (89,'Студия голографической анимации', 143, NULL, 13),
    (90,'Отдел VR-презентаций', 144, NULL, 13),
    (91,'Лаборатория световых проекций', 145, NULL, 13),
    (92,'Экспедиционный отдел криптозоологии', 146, NULL, 14),
    (93,'Группа анализа мифических артефактов', 147, NULL, 14),
    (94,'Архив легендарных существ', 148, NULL, 14),
    (95,'Лаборатория атмосферной химии', 149, NULL, 15),
    (96,'Отдел климатического моделирования', 150, NULL, 15),
    (97,'Центр разработки нейроинтерфейсов', 151, NULL, 16),
    (98,'Лаборатория кибернетических протезов', 152, NULL, 16);
	
INSERT INTO EMPLOYEE (employee_id, name, title, experience, salary, valid_from, valid_to, department_id) VALUES
	(1, 'Константин Дмитриевич Ушинский', 'Министр', 145, 8500, '1954-01-15', NULL, NULL),
    (2, 'Михаил Васильевич Ломоносов', 'Министр', 211, 8500, '2000-01-24', NULL, NULL),
    (3, 'Филиппов Николай Иванович', 'Министр', 3, 8450, '2022-06-01', NULL, NULL),
    (4, 'Иванов Иван Иванович', 'Директор департамента', 10, 7500, '2015-03-12', NULL, NULL),
    (5, 'Соколова Виктория Алексеевна', 'Начальник управления', 8, 7300, '2017-08-10', NULL, NULL),
    (6, 'Сидоров Дмитрий Игоревич', 'Начальник академии', 12, 7800, '2013-07-18', NULL, NULL),
    (7, 'Кузнецова Елена Петровна', 'Министр', 15, 8600, '2010-09-25', NULL, NULL),
    (8, 'Смирнов Алексей Николаевич', 'Директор', 7, 7400, '2018-11-30', NULL, NULL),
    (9, 'Мельникова Анастасия Денисовна', 'Директор департамента', 6, 7200, '2019-04-05', NULL, NULL),
    (10, 'Козлов Павел Андреевич', 'Начальник управления', 11, 7700, '2014-04-10', NULL, NULL),
    (11, 'Новикова Татьяна Дмитриевна', 'Министр', 20, 8700, '2005-06-05', NULL, NULL),
    (12, 'Морозов Иван Васильевич', 'Директор департамента', 6, 7300, '2019-08-22', NULL, NULL),
    (13, 'Воронов Артём Сергеевич', 'Начальник управления', 9, 7600, '2016-11-20', NULL, NULL),
    (14, 'Алексеев Алексей Алексеевич', 'Начальник управления', 13, 7900, '2012-12-01', NULL, NULL),
    (15, 'Соколов Артем Игоревич', 'Министр', 18, 8800, '2008-01-20', NULL, NULL),
    (16, 'Ковалёва Анна Дмитриевна', 'Директор департамента', 5, 7200, '2020-03-18', NULL, NULL),
    (17, 'Громов Арсений Максимович', 'Директор департамента', 7, 7400, '2018-05-12', NULL, NULL),
    (18, 'Федоров Андрей Викторович', 'Начальник лаборатории', 14, 8000, '2011-07-10', NULL, NULL),
    (19, 'Медведев Иван Олегович', 'Министр', 22, 8900, '2003-09-05', NULL, NULL),
    (20, 'Петренко Ольга Александровна', 'Директор департамента', 4, 7100, '2021-11-22', NULL, NULL),
    (21, 'Тарасова Елизавета Кирилловна', 'Начальник управления', 8, 7500, '2017-02-14', NULL, NULL),
    (22, 'Беляева Екатерина Павловна', 'Директор', 16, 8100, '2009-03-10', NULL, NULL),
    (23, 'Тихонов Владислав Николаевич', 'Министр', 25, 9000, '2000-05-01', NULL, NULL),
    (24, 'Савельева Алина Артемовна', 'Директор департамента', 3, 7000, '2022-07-12', NULL, NULL),
    (25, 'Крылов Денис Станиславович', 'Начальник управления', 10, 7700, '2015-09-18', NULL, NULL),
    (26, 'Зимина Вероника Игоревна', 'Начальник обсерватории', 17, 8200, '2008-11-10', NULL, NULL),
    (27, 'Кудрявцев Артём Валерьевич', 'Министр', 30, 9200, '1995-01-05', NULL, NULL),
    (28, 'Мартынова София Романовна', 'Директор департамента', 2, 6900, '2023-03-22', NULL, NULL),
    (29, 'Орлов Александр Витальевич', 'Начальник управления', 12, 7800, '2014-05-15', NULL, NULL),
    (30, 'Королёва Анастасия Денисовна', 'Начальник лаборатории', 19, 8300, '2006-07-10', NULL, NULL),
    (31, 'Лаптев Роман Витальевич', 'Министр', 35, 9500, '1990-09-01', NULL, NULL),
    (32, 'Фролова Ксения Артёмовна', 'Директор департамента', 1, 6800, '2024-01-12', NULL, NULL),
    (33, 'Давыдов Антон Павлович', 'Начальник управления', 11, 7900, '2013-03-18', NULL, NULL),
    (34, 'Ермаков Данил Сергеевич', 'Директор', 20, 8400, '2005-05-10', NULL, NULL),
    (35, 'Гусева Мария Олеговна', 'Министр', 40, 9800, '1985-07-05', NULL, NULL),
    (36, 'Сорокин Игорь Владимирович', 'Директор', 2, 7000, '2023-09-22', NULL, NULL),
    (37, 'Комарова Виктория Игоревна', 'Начальник управления', 15, 8200, '2010-11-15', NULL, NULL),
    (38, 'Пономарёв Артур Дмитриевич', 'Начальник управления', 21, 8500, '2004-01-10', NULL, NULL),
    (39, 'Орлова Дарья Андреевна', 'Министр', 45, 10000, '1980-03-01', NULL, NULL),
    (40, 'Мельников Станислав Викторович', 'Директор', 3, 7100, '2022-05-12', NULL, NULL),
    (41, 'Гришин Кирилл Алексеевич', 'Начальник управления', 13, 8000, '2012-07-18', NULL, NULL),
    (42, 'Терехова Алёна Сергеевна', 'Министр', 22, 8600, '2003-09-10', '2011-11-02', NULL),
    (43, 'Баранов Евгений Олегович', 'Министр', 50, 10500, '1975-11-05', NULL, NULL),
    (44, 'Калинин Алексей Денисович', 'Директор департамента', 4, 7200, '2021-01-22', NULL, NULL),
    (45, 'Семёнова Елизавета Павловна', 'Начальник управления', 14, 8100, '2011-03-15', NULL, NULL),
    (46, 'Рябов Дмитрий Игоревич', 'Начальник управления', 23, 8700, '2002-05-10', NULL, NULL),
    (47, 'Макарова Ангелина Валерьевна', 'Министр', 55, 11000, '1970-07-01', NULL, NULL),
    (48, 'Логинов Артём Сергеевич', 'Директор департамента', 5, 7300, '2020-09-12', NULL, NULL),
    (49, 'Кузьмин Владислав Андреевич', 'Начальник управления', 16, 8300, '2009-11-18', NULL, NULL),
    (50, 'Степанова Валерия Романовна', 'Начальник управления', 24, 8800, '2001-01-10', '2015-03-11', NULL),
    (51, 'Удовенко Артём Ильич', 'Министр', 5, 9100, '2020-03-15', NULL, NULL),
    (52, 'Родионов Максим Валерьевич', 'Директор департамента', 9, 7600, '2016-02-10', NULL, NULL),
	(53, 'Шестакова Арина Михайловна', 'Начальник управления', 7, 7400, '2018-04-18', NULL, NULL),
	(54, 'Горбунов Денис Олегович', 'Директор отдела', 28, 9300, '1997-08-15', NULL, NULL),
	(55, 'Колесникова Виталина Сергеевна', 'Директор', 5, 7300, '2020-10-05', NULL, NULL),
	(56, 'Субботин Кирилл Александрович', 'Начальник лаборатории', 12, 7900, '2013-12-01', NULL, NULL),
	(57, 'Ларина Полина Денисовна', 'Министр', 33, 9600, '1992-06-22', '2010-09-30', NULL),
	(58, 'Тихомиров Владимир Андреевич', 'Директор департамента', 6, 7500, '2019-07-14', NULL, NULL),
	(59, 'Маслова Алиса Евгеньевна', 'Начальник академии', 18, 8400, '2007-05-19', NULL, NULL),
	(60, 'Зуев Артём Игоревич', 'Министр', 42, 9900, '1983-03-12', NULL, NULL),
	(61, 'Носкова Дарья Павловна', 'Директор', 4, 7200, '2021-09-08', NULL, NULL),
	(62, 'Блинов Станислав Витальевич', 'Начальник управления', 15, 8200, '2010-11-03', NULL, NULL),
	(63, 'Ефимова Ульяна Романовна', 'Директор отдела', 38, 9700, '1987-02-28', NULL, NULL),
	(64, 'Щукин Александр Дмитриевич', 'Директор департамента', 8, 7600, '2017-01-25', NULL, NULL),
	(65, 'Сазонова Вероника Андреевна', 'Начальник обсерватории', 21, 8600, '2004-04-17', NULL, NULL),
	(66, 'Куликов Иван Максимович', 'Министр', 47, 10200, '1978-09-10', '2022-12-31', NULL),
	(67, 'Токарева Милана Артёмовна', 'Директор', 3, 7100, '2022-08-11', NULL, NULL),
	(68, 'Лазарев Глеб Сергеевич', 'Начальник управления', 13, 8000, '2012-10-05', NULL, NULL),
	(69, 'Маркова Арина Кирилловна', 'Министр', 29, 9400, '1996-04-20', NULL, NULL),
	(70, 'Белов Роман Олегович', 'Директор департамента', 7, 7500, '2018-03-15', NULL, NULL),
	(71, 'Гордеева Софья Дмитриевна', 'Начальник лаборатории', 16, 8300, '2009-06-12', NULL, NULL),
	(72, 'Корчагин Дмитрий Владимирович', 'Министр', 51, 10600, '1974-12-05', NULL, NULL),
	(73, 'Селиверстова Екатерина Ильинична', 'Директор агентства', 2, 7000, '2023-05-18', NULL, NULL),
	(74, 'Фомин Арсений Андреевич', 'Начальник управления', 14, 8100, '2011-08-22', NULL, NULL),
	(75, 'Рожкова Ангелина Викторовна', 'Министр', 36, 9800, '1989-10-07', NULL, NULL),
	(76, 'Широков Даниил Павлович', 'Директор департамента', 9, 7700, '2016-07-30', NULL, NULL),
	(77, 'Кондратьева Алиса Сергеевна', 'Начальник академии', 19, 8500, '2006-09-14', NULL, NULL),
	(78, 'Лужков Михаил Юрьевич', 'Министр', 44, 10100, '1981-05-25', NULL, NULL),
	(79, 'Туманова Виктория Олеговна', 'Директор', 5, 7300, '2020-12-01', NULL, NULL),
	(80, 'Горелов Александр Игоревич', 'Начальник управления', 17, 8400, '2008-02-18', NULL, NULL),
	(81, 'Золотова Валерия Денисовна', 'Министр', 39, 9900, '1986-04-12', '2023-06-15', NULL),
	(82, 'Крылов Илья Станиславович', 'Директор департамента', 10, 7800, '2015-01-09', NULL, NULL),
	(83, 'Сорокина Анастасия Владимировна', 'Начальник обсерватории', 22, 8700, '2003-07-07', NULL, NULL),
	(84, 'Корнеев Павел Александрович', 'Министр', 53, 10800, '1972-11-30', NULL, NULL),
	(85, 'Михеева Кристина Игоревна', 'Директор', 4, 7200, '2021-04-22', NULL, NULL),
	(86, 'Григорьев Андрей Дмитриевич', 'Начальник управления', 15, 8200, '2010-10-10', NULL, NULL),
	(87, 'Лобанова Мария Алексеевна', 'Министр', 31, 9500, '1994-03-18', NULL, NULL),
	(88, 'Куприянов Виктор Сергеевич', 'Директор департамента', 8, 7600, '2017-06-05', NULL, NULL),
	(89, 'Савина Алина Михайловна', 'Начальник отдела', 20, 8500, '2005-08-12', NULL, NULL),
	(90, 'Жуковский Артём Владимирович', 'Директор отдела', 48, 10300, '1977-01-15', NULL, NULL),
	(91, 'Князева Дарья Романовна', 'Директор', 3, 7100, '2022-09-27', NULL, NULL),
	(92, 'Потапов Никита Андреевич', 'Начальник управления', 16, 8300, '2009-12-03', NULL, NULL),
	(93, 'Симонова Елена Витальевна', 'Министр', 34, 9700, '1991-02-14', NULL, NULL),
	(94, 'Егоров Сергей Олегович', 'Директор департамента', 7, 7500, '2018-08-19', NULL, NULL),
	(95, 'Калинина Ольга Игоревна', 'Начальник академии', 21, 8600, '2004-10-05', NULL, NULL),
	(96, 'Шевцов Денис Валерьевич', 'Министр', 56, 11200, '1969-09-22', NULL, NULL),
	(97, 'Романова Анастасия Павловна', 'Директор', 6, 7400, '2019-11-11', NULL, NULL),
	(98, 'Архипов Иван Сергеевич', 'Начальник управления', 18, 8400, '2007-01-25', NULL, NULL),
	(99, 'Лебедева Валентина Дмитриевна', 'Министр', 41, 10000, '1984-07-08', NULL, NULL),
	(100, 'Степанов Артём Игоревич', 'Директор департамента', 11, 7800, '2014-05-30', NULL, NULL),
	(101, 'Волков Сергей Викторович', 'Директор департамента', 9, 7650, '2015-08-22', NULL, NULL),
    (102, 'Миронова Ольга Игоревна', 'Начальник управления', 6, 7450, '2018-11-10', '2023-02-01', NULL),
    (103, 'Борисов Александр Петрович', 'Министр', 27, 9250, '1997-04-15', NULL, NULL),
    (104, 'Кузьмина Екатерина Андреевна', 'Директор академии', 14, 8150, '2010-06-30', NULL, NULL),
    (105, 'Герасимов Денис Олегович', 'Начальник лаборатории', 11, 7850, '2013-09-05', NULL, NULL),
    (106, 'Семенов Артём Николаевич', 'Министр', 32, 9550, '1992-12-20', NULL, NULL),
    (107, 'Петрова Анна Владимировна', 'Директор обсерватории', 19, 8650, '2005-03-12', NULL, NULL),
    (108, 'Федосеев Игорь Дмитриевич', 'Начальник управления', 8, 7550, '2016-07-18', NULL, NULL),
    (109, 'Коваленко Марина Сергеевна', 'Директор департамента', 5, 7250, '2019-10-01', NULL, NULL),
    (110, 'Тихомирова Виктория Павловна', 'Министр', 37, 9950, '1987-05-25', '2024-01-01', NULL),
    (111, 'Соколовский Павел Игоревич', 'Начальник отдела', 12, 7950, '2012-01-14', NULL, NULL),
    (112, 'Гаврилов Алексей Анатольевич', 'Директор института', 21, 8750, '2003-08-09', NULL, NULL),
    (113, 'Орловская Надежда Викторовна', 'Министр', 43, 10450, '1981-11-30', NULL, NULL),
    (114, 'Зайцев Андрей Станиславович', 'Начальник управления', 7, 7350, '2017-04-03', NULL, NULL),
    (115, 'Игнатьева Татьяна Олеговна', 'Директор департамента', 4, 7150, '2020-09-20', NULL, NULL),
    (116, 'Крылов Михаил Александрович', 'Министр', 48, 10700, '1976-02-17', NULL, NULL),
    (117, 'Романова Елена Валерьевна', 'Начальник академии', 16, 8250, '2008-12-05', NULL, NULL),
    (118, 'Антонов Максим Сергеевич', 'Директор департамента', 8, 7550, '2016-03-10', NULL, NULL),
    (119, 'Васнецова Ольга Викторовна', 'Начальник управления', 5, 7250, '2019-07-22', NULL, NULL),
    (120, 'Григорьев Иван Дмитриевич', 'Министр', 28, 9350, '1996-11-15', NULL, NULL),
    (121, 'Дмитриева Анастасия Павловна', 'Директор академии', 12, 8050, '2012-09-05', NULL, NULL),
    (122, 'Егоров Павел Андреевич', 'Начальник лаборатории', 9, 7750, '2015-02-18', NULL, NULL),
    (123, 'Жукова Екатерина Игоревна', 'Министр', 34, 9650, '1990-08-12', '2020-05-30', NULL),
    (124, 'Захаров Артем Владимирович', 'Директор обсерватории', 15, 8350, '2009-04-25', NULL, NULL),
    (125, 'Иванова Вероника Сергеевна', 'Начальник управления', 6, 7450, '2018-12-01', NULL, NULL),
    (126, 'Козловский Денис Олегович', 'Директор департамента', 7, 7650, '2017-06-14', NULL, NULL),
    (127, 'Лебедев Кирилл Александрович', 'Министр', 39, 10100, '1985-10-07', NULL, NULL),
    (128, 'Морозова Алина Денисовна', 'Начальник отдела', 3, 6950, '2021-08-19', NULL, NULL),
    (129, 'Николаев Станислав Игоревич', 'Директор института', 18, 8550, '2006-01-30', NULL, NULL),
    (130, 'Осипова Мария Викторовна', 'Министр', 44, 10650, '1980-03-22', NULL, NULL),
    (131, 'Петровский Андрей Николаевич', 'Начальник управления', 10, 7850, '2014-05-11', NULL, NULL),
    (132, 'Романова Виктория Алексеевна', 'Директор департамента', 4, 7150, '2020-11-03', NULL, NULL),
    (133, 'Семенов Дмитрий Валерьевич', 'Министр', 47, 10900, '1977-07-17', NULL, NULL),
    (134, 'Тарасов Артур Олегович', 'Начальник лаборатории', 13, 8150, '2011-09-28', NULL, NULL),
    (135, 'Ушакова Елена Дмитриевна', 'Директор академии', 17, 8450, '2007-12-09', NULL, NULL),
    (136, 'Федоров Сергей Петрович', 'Министр', 52, 11300, '1972-04-14', NULL, NULL),
    (137, 'Харитонова Анна Михайловна', 'Начальник управления', 8, 7550, '2016-08-23', NULL, NULL),
    (138, 'Цветков Алексей Игоревич', 'Директор департамента', 9, 7650, '2015-10-31', NULL, NULL),
    (139, 'Чернова Дарья Сергеевна', 'Министр', 29, 9450, '1995-02-25', NULL, NULL),
    (140, 'Шестаков Игорь Витальевич', 'Начальник лаборатории', 11, 7950, '2013-01-12', NULL, NULL),
    (141, 'Щукин Владимир Андреевич', 'Директор института', 20, 8650, '2004-06-07', NULL, NULL),
    (142, 'Юдина Елизавета Алексеевна', 'Министр', 37, 9950, '1987-09-18', NULL, NULL),
    (143, 'Яковлев Артем Денисович', 'Начальник управления', 6, 7350, '2018-04-05', NULL, NULL),
    (144, 'Белов Андрей Сергеевич', 'Директор департамента', 7, 7450, '2017-03-15', NULL, NULL),
    (145, 'Гусев Дмитрий Олегович', 'Министр', 41, 10350, '1983-12-28', NULL, NULL),
    (146, 'Данилова Ксения Викторовна', 'Начальник академии', 14, 8250, '2010-11-21', NULL, NULL),
    (147, 'Ермолаев Михаил Игоревич', 'Директор обсерватории', 16, 8350, '2008-07-03', NULL, NULL),
    (148, 'Зимин Александр Павлович', 'Министр', 45, 10750, '1979-05-19', NULL, NULL),
    (149, 'Ильина Татьяна Андреевна', 'Начальник управления', 5, 7250, '2019-10-14', NULL, NULL),
    (150, 'Кузьмина Ольга Дмитриевна', 'Директор департамента', 8, 7550, '2016-01-27', NULL, NULL),
    (151, 'Ларин Виктор Сергеевич', 'Министр', 33, 9750, '1991-08-11', NULL, NULL),
    (152, 'Максимова Анастасия Игоревна', 'Начальник лаборатории', 10, 7750, '2014-02-09', NULL, NULL),
    (153, 'Новиков Артем Викторович', 'Директор института', 19, 8550, '2005-04-22', NULL, NULL),
    (154, 'Орлов Павел Денисович', 'Министр', 50, 11100, '1974-06-05', NULL, NULL),
    (155, 'Полякова Виктория Сергеевна', 'Начальник управления', 7, 7450, '2017-12-16', NULL, NULL),
    (156, 'Рогов Илья Александрович', 'Директор департамента', 6, 7350, '2018-09-07', NULL, NULL),
    (157, 'Савченко Марина Олеговна', 'Министр', 36, 9850, '1988-03-29', NULL, NULL),
    (158, 'Тимофеев Денис Игоревич', 'Начальник академии', 15, 8250, '2009-10-10', NULL, NULL),
    (159, 'Ульянова Анна Витальевна', 'Директор обсерватории', 12, 8050, '2012-07-24', NULL, NULL),
    (160, 'Фролов Сергей Дмитриевич', 'Министр', 43, 10550, '1981-01-13', NULL, NULL),
    (161, 'Хохлов Артур Андреевич', 'Начальник управления', 9, 7650, '2015-11-30', NULL, NULL),
    (162, 'Царева Екатерина Игоревна', 'Директор департамента', 5, 7250, '2019-08-18', NULL, NULL),
    (163, 'Чернышев Михаил Викторович', 'Министр', 38, 10050, '1986-04-07', '2023-09-01', NULL),
    (164, 'Шарова Алина Олеговна', 'Начальник лаборатории', 11, 7850, '2013-05-12', NULL, NULL),
    (165, 'Щербаков Владислав Сергеевич', 'Директор института', 17, 8450, '2007-02-25', NULL, NULL),
    (166, 'Юрьева Дарья Александровна', 'Министр', 46, 10850, '1978-10-08', NULL, NULL),
    (167, 'Якушев Игорь Николаевич', 'Начальник управления', 8, 7550, '2016-12-19', NULL, NULL),
    (168, 'Иванов Петр Сергеевич', 'Инженер-программист', 4, 4500, '2019-03-12', NULL, 5),
    (169, 'Смирнова Анна Викторовна', 'Лаборант химического анализа', 2, 3200, '2021-08-15', '2023-11-30', 9),
    (170, 'Козлов Дмитрий Игоревич', 'Техник-электроник', 6, 3800, '2017-05-20', NULL, 14),
    (171, 'Петрова Екатерина Олеговна', 'Аналитик данных', 3, 5200, '2020-02-01', NULL, 23),
    (172, 'Сидоров Артем Александрович', 'Специалист по кибербезопасности', 5, 5800, '2018-09-10', '2023-06-15', 37),
    (173, 'Васильева Мария Дмитриевна', 'Младший научный сотрудник', 1, 2900, '2022-07-01', NULL, 8),
    (174, 'Павлов Иван Николаевич', 'Инженер-конструктор', 7, 5100, '2016-11-05', NULL, 12),
    (175, 'Федорова Ольга Сергеевна', 'Биотехник', 4, 3400, '2019-04-22', '2022-12-31', 17),
    (176, 'Николаев Алексей Петрович', 'Техник-метролог', 9, 4200, '2014-08-17', NULL, 6),
    (177, 'Андреева Татьяна Викторовна', 'Лаборант-исследователь', 2, 3100, '2021-10-10', NULL, 29),
    (178, 'Морозов Денис Олегович', 'Системный администратор', 5, 5500, '2018-03-25', NULL, 45),
    (179, 'Волкова Ирина Алексеевна', 'Специалист по кадрам', 6, 4700, '2017-12-03', '2023-09-01', 52),
    (180, 'Алексеев Павел Игоревич', 'Инженер связи', 3, 4100, '2020-06-18', NULL, 38),
    (181, 'Лебедева Наталья Сергеевна', 'Эколог', 4, 3900, '2019-09-14', NULL, 54),
    (182, 'Семенов Андрей Дмитриевич', 'Техник-программист', 2, 3600, '2021-04-07', NULL, 63),
    (183, 'Кузнецова Анастасия Павловна', 'Младший научный сотрудник', 1, 2800, '2022-11-30', '2023-08-20', 11),
    (184, 'Соколов Владимир Викторович', 'Инженер по охране труда', 8, 4900, '2015-07-22', NULL, 49),
    (185, 'Попова Елена Ивановна', 'Лаборант микробиологии', 3, 3300, '2020-01-15', NULL, 74),
    (186, 'Макаров Сергей Андреевич', 'Специалист по Big Data', 4, 6100, '2019-10-10', NULL, 28),
    (187, 'Новикова Юлия Олеговна', 'Химик-аналитик', 5, 4400, '2018-08-05', '2023-04-12', 56),
    (188, 'Филиппов Артем Сергеевич', 'Техник-робототехник', 2, 3700, '2021-07-19', NULL, 78),
    (189, 'Григорьева Ольга Денисовна', 'Специалист по VR', 3, 5300, '2020-05-30', NULL, 70),
    (190, 'Белоусов Дмитрий Николаевич', 'Инженер-электронщик', 6, 4800, '2017-02-14', NULL, 33),
    (191, 'Ковалева Анастасия Игоревна', 'Лаборант генетик', 2, 3200, '2021-09-01', NULL, 89),
    (192, 'Орлов Максим Викторович', 'Специалист по ИИ', 4, 6500, '2019-11-11', '2023-12-01', 95),
    (193, 'Степанова Виктория Сергеевна', 'Биоинформатик', 3, 5800, '2020-03-25', NULL, 16),
    (194, 'Михайлов Александр Олегович', 'Инженер-технолог', 5, 4600, '2018-06-17', NULL, 22),
    (195, 'Тихонова Екатерина Дмитриевна', 'Специалист по 3D-моделированию', 2, 5100, '2021-12-05', NULL, 66),
    (196, 'Комаров Артем Владимирович', 'Техник-лаборант', 1, 2700, '2022-08-20', '2023-10-15', 41),
    (197, 'Ильин Павел Андреевич', 'Сетевой инженер', 7, 5900, '2016-04-09', NULL, 44),
    (198, 'Соловьева Марина Викторовна', 'Аналитик биохимических данных', 4, 4800, '2019-02-28', NULL, 87),
    (199, 'Баранов Игорь Сергеевич', 'Инженер-испытатель', 5, 5200, '2018-10-01', '2023-07-31', 13),
    (200, 'Воробьева Анна Александровна', 'Специалист по квантовым вычислениям', 3, 6700, '2020-07-12', NULL, 68),
    (201, 'Герасимов Михаил Олегович', 'Техник-эколог', 2, 3500, '2021-05-23', NULL, 53),
    (202, 'Родионова Дарья Игоревна', 'Лаборант физических исследований', 1, 2900, '2022-09-15', NULL, 7),
    (203, 'Данилов Сергей Викторович', 'Инженер-проектировщик', 6, 6100, '2017-08-07', NULL, 19),
    (204, 'Жукова Елена Павловна', 'Специалист по машинному обучению', 4, 7200, '2019-06-18', '2023-03-01', 84),
    (205, 'Егоров Андрей Николаевич', 'Техник-электрик', 3, 3800, '2020-04-11', NULL, 27),
    (206, 'Семенова Кристина Дмитриевна', 'Лаборант спектрального анализа', 2, 3100, '2021-11-30', NULL, 92),
    (207, 'Крылов Виталий Сергеевич', 'Инженер-механик', 5, 4700, '2018-05-25', NULL, 35),
    (208, 'Третьякова Ольга Игоревна', 'Специалист по нейросетям', 3, 6900, '2020-09-09', NULL, 97),
    (209, 'Медведев Денис Олегович', 'Техник-химик', 4, 3600, '2019-12-03', '2023-05-20', 58),
    (210, 'Сорокина Анастасия Андреевна', 'Лаборант молекулярной биологии', 1, 2600, '2022-10-22', NULL, 64),
    (211, 'Гущин Артем Викторович', 'Инженер-акустик', 7, 5300, '2016-11-14', NULL, 76),
    (212, 'Фомина Ирина Сергеевна', 'Специалист по криптографии', 4, 6500, '2019-07-07', NULL, 81),
    (213, 'Широков Алексей Дмитриевич', 'Техник-геодезист', 2, 3400, '2021-02-18', NULL, 29),
    (214, 'Кузьмина Валерия Олеговна', 'Лаборант радиологических исследований', 3, 3700, '2020-08-25', '2023-01-15', 45),
    (215, 'Борисова Анастасия Витальевна', 'Инженер-энергетик', 5, 4900, '2018-04-05', NULL, 62),
    (216, 'Голубев Дмитрий Игоревич', 'Специалист по компьютерному зрению', 4, 7100, '2019-01-30', NULL, 88),
    (217, 'Антонова Екатерина Сергеевна', 'Техник-биотехнолог', 2, 3300, '2021-06-19', NULL, 73),
    (218, 'Петров Александр Сергеевич', 'Инженер-программист', 5, 4600, '2019-04-15', NULL, 6),
	(219, 'Сидорова Мария Викторовна', 'Лаборант химического анализа', 3, 3300, '2021-09-20', '2023-12-05', 10),
	(220, 'Козлов Игорь Дмитриевич', 'Техник-электроник', 7, 3900, '2017-06-25', NULL, 15),
	(221, 'Васильева Ольга Николаевна', 'Специалист по данным', 4, 5400, '2020-03-10', NULL, 23),
	(222, 'Николаев Андрей Павлович', 'Системный администратор', 6, 5700, '2018-08-12', NULL, 45),
	(223, 'Смирнова Екатерина Игоревна', 'Младший научный сотрудник', 2, 3100, '2022-05-18', NULL, 8),
	(224, 'Федоров Дмитрий Олегович', 'Инженер-конструктор', 8, 5100, '2016-07-22', NULL, 12),
	(225, 'Кузнецова Анна Сергеевна', 'Биотехник', 3, 3500, '2021-01-30', NULL, 17),
	(226, 'Морозов Павел Викторович', 'Техник-метролог', 10, 4300, '2014-09-15', NULL, 6),
	(227, 'Лебедева Татьяна Андреевна', 'Лаборант-исследователь', 1, 3000, '2023-02-10', NULL, 29),
	(228, 'Иванов Сергей Александрович', 'Специалист по ИИ', 4, 6500, '2019-11-05', NULL, 33),
	(229, 'Соколова Елена Викторовна', 'Техник-лаборант', 2, 3400, '2021-07-18', NULL, 41),
	(230, 'Громов Артем Сергеевич', 'Инженер-технолог', 6, 4800, '2018-02-20', '2023-08-15', 19),
	(231, 'Павлова Наталья Игоревна', 'Лаборант радиологических исследований', 3, 3700, '2020-06-12', NULL, 54),
	(232, 'Орлов Максим Олегович', 'Инженер-энергетик', 5, 4900, '2019-03-25', NULL, 62),
	(233, 'Беляева Ирина Дмитриевна', 'Специалист по кибербезопасности', 7, 6200, '2017-10-10', NULL, 37),
	(234, 'Тихонов Алексей Павлович', 'Техник-программист', 4, 4100, '2020-08-05', NULL, 78),
	(235, 'Гусева Ольга Андреевна', 'Аналитик данных', 2, 5200, '2022-04-15', NULL, 28),
	(236, 'Жуков Денис Викторович', 'Инженер по охране труда', 9, 5000, '2015-05-30', NULL, 49),
	(237, 'Романова Юлия Сергеевна', 'Лаборант микробиологии', 1, 2900, '2023-01-22', NULL, 74),
	(238, 'Макаров Иван Николаевич', 'Специалист по Big Data', 5, 6100, '2019-09-14', '2023-11-01', 88),
	(239, 'Коваленко Екатерина Олеговна', 'Химик-аналитик', 3, 4400, '2021-03-10', NULL, 56),
	(240, 'Филиппова Анастасия Игоревна', 'Техник-робототехник', 2, 3600, '2022-06-25', NULL, 70),
	(241, 'Григорьев Артем Дмитриевич', 'Специалист по VR', 4, 5300, '2020-11-18', NULL, 95),
	(242, 'Белоусова Мария Викторовна', 'Инженер-электронщик', 6, 4700, '2018-04-07', NULL, 13),
	(243, 'Степанова Дарья Сергеевна', 'Лаборант генетик', 3, 3200, '2021-08-20', NULL, 87),
	(244, 'Михайлов Павел Александрович', 'Биоинформатик', 5, 5800, '2019-12-01', NULL, 16),
	(245, 'Тихонова Елена Николаевна', 'Инженер-технолог', 7, 4600, '2017-05-15', '2023-07-20', 22),
	(246, 'Комарова Ольга Викторовна', 'Специалист по 3D-моделированию', 2, 5100, '2022-09-10', NULL, 66),
	(247, 'Ильина Анастасия Андреевна', 'Техник-лаборант', 1, 2700, '2023-03-05', NULL, 41),
	(248, 'Соловьев Дмитрий Сергеевич', 'Сетевой инженер', 8, 5900, '2016-06-22', NULL, 44),
	(249, 'Воробьева Екатерина Игоревна', 'Аналитик биохимических данных', 4, 4800, '2020-02-14', NULL, 81),
	(250, 'Баранов Алексей Олегович', 'Инженер-испытатель', 6, 5200, '2018-07-30', NULL, 33),
	(251, 'Герасимова Юлия Викторовна', 'Специалист по квантовым вычислениям', 3, 6700, '2021-01-25', NULL, 68),
	(252, 'Родионов Артем Николаевич', 'Техник-эколог', 2, 3500, '2022-10-12', NULL, 53),
	(253, 'Данилова Елена Павловна', 'Лаборант физических исследований', 1, 2900, '2023-04-18', NULL, 7),
	(254, 'Жуков Сергей Александрович', 'Инженер-проектировщик', 7, 6100, '2017-11-05', NULL, 19),
	(255, 'Егорова Ольга Дмитриевна', 'Специалист по машинному обучению', 5, 7200, '2019-06-20', NULL, 84),
	(256, 'Семенов Андрей Викторович', 'Техник-электрик', 3, 3800, '2021-02-10', '2023-09-15', 27),
	(257, 'Кузьмина Ирина Сергеевна', 'Лаборант спектрального анализа', 2, 3100, '2022-08-01', NULL, 92),
	(258, 'Крылов Денис Олегович', 'Инженер-механик', 6, 4700, '2018-03-15', NULL, 35),
	(259, 'Третьякова Мария Игоревна', 'Специалист по нейросетям', 4, 6900, '2020-09-25', NULL, 97),
	(260, 'Медведева Анастасия Андреевна', 'Техник-химик', 3, 3600, '2021-11-10', NULL, 58),
	(261, 'Сорокин Павел Викторович', 'Лаборант молекулярной биологии', 1, 2600, '2023-05-05', NULL, 64),
	(262, 'Гущин Артем Сергеевич', 'Инженер-акустик', 8, 5300, '2016-12-20', NULL, 76),
	(263, 'Фомина Елена Николаевна', 'Специалист по криптографии', 5, 6500, '2019-07-15', NULL, 81),
	(264, 'Широков Алексей Павлович', 'Техник-геодезист', 2, 3400, '2022-02-28', NULL, 29),
	(265, 'Кузьмина Валерия Дмитриевна', 'Лаборант радиологических исследований', 3, 3700, '2021-06-10', NULL, 45),
	(266, 'Борисова Ольга Викторовна', 'Инженер-энергетик', 6, 4900, '2018-10-05', NULL, 62),
	(267, 'Голубев Дмитрий Александрович', 'Специалист по компьютерному зрению', 4, 7100, '2020-04-22', '2023-12-20', 88),
	(268, 'Антонова Екатерина Олеговна', 'Техник-биотехнолог', 2, 3300, '2022-07-15', NULL, 73),
	(269, 'Петров Игорь Сергеевич', 'Инженер связи', 5, 4500, '2019-08-30', NULL, 38),
	(270, 'Смирнова Наталья Викторовна', 'Эколог', 3, 3900, '2021-03-12', NULL, 54),
	(271, 'Козлов Андрей Дмитриевич', 'Техник-программист', 1, 3600, '2023-01-20', NULL, 63),
	(272, 'Васильев Артем Николаевич', 'Специалист по кадрам', 4, 4700, '2020-05-18', NULL, 52),
	(273, 'Николаева Елена Сергеевна', 'Инженер по качеству', 6, 5100, '2018-11-10', NULL, 11),
	(274, 'Федоров Павел Олегович', 'Специалист по автоматизации', 3, 5600, '2021-09-25', NULL, 23),
	(275, 'Кузнецова Ольга Андреевна', 'Лаборант-аналитик', 2, 3200, '2022-12-05', NULL, 17),
	(276, 'Морозов Денис Викторович', 'Инженер-теплотехник', 7, 4800, '2017-04-15', NULL, 6),
	(277, 'Лебедева Ирина Павловна', 'Специалист по данным', 5, 5400, '2019-10-20', NULL, 29),
	(278, 'Андреев Артур Викторович', 'Инженер-программист', 3, 4700, '2020-09-15', NULL, 8),
    (279, 'Богданова Елена Игоревна', 'Лаборант биохимии', 2, 3300, '2021-11-22', '2024-02-01', 17),
    (280, 'Гришин Павел Дмитриевич', 'Техник-электроник', 5, 4100, '2018-07-10', NULL, 23),
    (281, 'Давыдова Алина Сергеевна', 'Специалист по Big Data', 4, 6800, '2019-04-05', NULL, 45),
    (282, 'Ерофеев Денис Олегович', 'Инженер-робототехник', 6, 5900, '2017-03-18', '2023-12-31', 78),
    (283, 'Жданова Виктория Андреевна', 'Лаборант генетических исследований', 1, 2900, '2022-08-14', NULL, 64),
    (284, 'Зайцев Максим Витальевич', 'Специалист по кибербезопасности', 4, 7200, '2020-01-30', NULL, 37),
    (285, 'Исаев Игорь Николаевич', 'Техник-метролог', 7, 4400, '2016-05-12', NULL, 6),
    (286, 'Калашников Антон Сергеевич', 'Инженер-проектировщик', 5, 6200, '2019-10-25', NULL, 19),
    (287, 'Лапина Ольга Викторовна', 'Аналитик данных', 3, 5500, '2021-02-18', NULL, 28),
    (288, 'Мартынов Дмитрий Александрович', 'Специалист по ИИ', 2, 7100, '2022-06-07', NULL, 95),
    (289, 'Носова Анастасия Павловна', 'Техник-химик', 4, 3800, '2020-04-11', '2024-03-01', 58),
    (290, 'Овчинников Артем Игоревич', 'Инженер-энергетик', 6, 5200, '2018-12-03', NULL, 62),
    (291, 'Поляков Сергей Витальевич', 'Специалист по VR', 3, 6100, '2021-07-19', NULL, 70),
    (292, 'Рудакова Екатерина Олеговна', 'Лаборант микробиологии', 2, 3100, '2023-01-05', NULL, 74),
    (293, 'Савельев Илья Дмитриевич', 'Инженер-конструктор', 8, 6700, '2015-09-20', NULL, 12),
    (294, 'Тихонов Андрей Викторович', 'Сетевой инженер', 4, 5800, '2020-08-22', NULL, 44),
    (295, 'Уварова Марина Сергеевна', 'Биотехнолог', 5, 4900, '2019-05-14', NULL, 73),
    (296, 'Федосеева Анна Дмитриевна', 'Специалист по 3D-моделированию', 3, 5300, '2021-12-10', NULL, 66),
    (297, 'Харитонов Иван Андреевич', 'Техник-геодезист', 2, 3600, '2022-04-18', NULL, 29),
    (298, 'Цветкова Дарья Игоревна', 'Инженер-эксплуатационщик', 7, 5400, '2017-11-01', NULL, 38),
    (299, 'Чернов Алексей Владимирович', 'Аналитик безопасности', 4, 6900, '2020-03-27', NULL, 81),
    (300, 'Шубин Михаил Олегович', 'Лаборант спектрального анализа', 1, 2800, '2023-02-15', NULL, 92),
    (301, 'Щеглов Денис Павлович', 'Инженер-теплотехник', 6, 5100, '2018-06-09', NULL, 6),
    (302, 'Юдина Арина Викторовна', 'Специалист по машинному обучению', 3, 7500, '2021-09-12', NULL, 84),
    (303, 'Яковлева Кристина Андреевна', 'Техник-лаборант', 2, 3200, '2022-11-25', '2024-05-20', 41),
    (304, 'Алексеева Валерия Дмитриевна', 'Инженер-электроник', 5, 4600, '2019-08-07', NULL, 15),
    (305, 'Бессонов Артем Игоревич', 'Специалист по криптографии', 4, 7300, '2020-10-30', NULL, 81),
    (306, 'Виноградова Елизавета Сергеевна', 'Лаборант радиологии', 3, 3400, '2021-04-05', NULL, 45),
    (307, 'Горбачев Дмитрий Витальевич', 'Инженер-программист', 7, 6300, '2017-02-28', NULL, 8),
    (308, 'Демидова Анастасия Олеговна', 'Аналитик биохимии', 2, 4800, '2022-07-19', NULL, 87),
    (309, 'Егоров Станислав Андреевич', 'Техник-робототехник', 4, 4200, '2020-12-14', NULL, 78),
    (310, 'Журавлева Виктория Игоревна', 'Специалист по нейросетям', 5, 7700, '2019-01-25', NULL, 97),
    (311, 'Захарова Алина Викторовна', 'Инженер-механик', 3, 4900, '2021-06-30', NULL, 35),
    (312, 'Иванов Денис Сергеевич', 'Лаборант молекулярной биологии', 1, 2700, '2023-03-10', NULL, 64),
    (313, 'Карпов Михаил Викторович', 'Специалист по ИИ', 6, 8200, '2018-04-17', NULL, 33),
    (314, 'Куприянова Ольга Дмитриевна', 'Техник-электрик', 2, 3700, '2022-02-05', NULL, 27),
    (315, 'Логинов Артем Игоревич', 'Инженер-строитель', 8, 5800, '2016-10-22', NULL, 19),
    (316, 'Макеева Дарья Павловна', 'Аналитик данных', 4, 5600, '2020-07-11', NULL, 28),
    (317, 'Никитин Александр Олегович', 'Специалист по VR-разработке', 3, 6400, '2021-10-08', NULL, 70),
    (318, 'Орлова Ксения Витальевна', 'Лаборант химического анализа', 2, 3100, '2022-05-14', NULL, 9),
    (319, 'Петухов Илья Андреевич', 'Инженер-системотехник', 5, 6700, '2019-11-03', NULL, 44),
    (320, 'Романова Алина Игоревна', 'Биоинформатик', 4, 6100, '2020-08-16', NULL, 16),
    (321, 'Сазонов Денис Викторович', 'Техник-программист', 3, 4300, '2021-12-22', NULL, 63),
    (322, 'Тарасова Валерия Сергеевна', 'Специалист по Big Data', 6, 7400, '2018-09-09', NULL, 45),
    (323, 'Устинов Артем Дмитриевич', 'Инженер-эколог', 4, 5200, '2020-05-27', NULL, 53),
    (324, 'Фролова Дарья Андреевна', 'Лаборант генетических исследований', 1, 2900, '2023-04-01', NULL, 64),
    (325, 'Хохлов Андрей Витальевич', 'Специалист по кибербезопасности', 5, 7800, '2019-02-18', NULL, 37),
    (326, 'Цветков Павел Олегович', 'Инженер-проектировщик', 7, 6900, '2017-12-05', NULL, 19),
    (327, 'Чижов Игорь Сергеевич', 'Техник-химик', 2, 3500, '2022-08-30', NULL, 58),
    (328, 'Шарапова Анна Викторовна', 'Аналитик биохимии', 4, 5100, '2020-10-12', NULL, 87),
    (329, 'Щербаков Артем Игоревич', 'Специалист по 3D-печати', 3, 5700, '2021-07-25', NULL, 66),
    (330, 'Юров Иван Дмитриевич', 'Инженер-электроник', 6, 4800, '2018-03-14', NULL, 15),
    (331, 'Яковлев Денис Викторович', 'Лаборант физических исследований', 2, 3000, '2022-01-09', NULL, 7),
    (332, 'Антонов Артем Сергеевич', 'Специалист по машинному зрению', 5, 7100, '2019-06-17', NULL, 88),
    (333, 'Барановская Екатерина Олеговна', 'Техник-робототехник', 3, 4000, '2020-11-28', NULL, 78),
    (334, 'Васильев Максим Игоревич', 'Инженер-программист', 4, 5900, '2021-04-03', NULL, 8),
    (335, 'Гордеев Дмитрий Андреевич', 'Аналитик данных', 2, 5400, '2022-09-19', NULL, 28),
    (336, 'Данилова Мария Викторовна', 'Специалист по VR', 4, 6300, '2020-12-05', NULL, 70),
    (337, 'Ермаков Иван Сергеевич', 'Лаборант микробиологии', 1, 2600, '2023-05-22', NULL, 74),
    (338, 'Жуков Артур Олегович', 'Инженер-механик', 7, 5300, '2017-08-11', NULL, 35),
    (339, 'Зайцева Виктория Дмитриевна', 'Специалист по ИИ', 3, 7600, '2021-01-14', NULL, 95),
    (340, 'Ильинский Павел Викторович', 'Техник-электрик', 2, 3800, '2022-06-07', NULL, 27),
    (341, 'Ковалев Александр Игоревич', 'Инженер-проектировщик', 6, 6500, '2018-10-23', NULL, 19),
    (342, 'Лебедев Сергей Витальевич', 'Аналитик безопасности', 5, 7000, '2019-07-08', NULL, 81),
    (343, 'Морозова Анастасия Олеговна', 'Лаборант генетики', 2, 3200, '2022-03-12', NULL, 89),
    (344, 'Николаев Дмитрий Андреевич', 'Специалист по Big Data', 4, 7200, '2020-09-15', NULL, 45),
    (345, 'Осипов Артем Витальевич', 'Инженер-энергетик', 5, 5500, '2019-12-20', NULL, 62),
    (346, 'Петрова Вероника Сергеевна', 'Техник-химик', 3, 3700, '2021-05-05', NULL, 58),
    (347, 'Родионов Максим Игоревич', 'Специалист по нейросетям', 4, 7900, '2020-02-28', NULL, 97),
    (348, 'Семенова Анастасия Викторовна', 'Инженер-программист', 6, 6100, '2018-11-09', NULL, 8),
    (349, 'Тимофеева Дарья Олеговна', 'Лаборант радиологии', 2, 3300, '2022-07-03', NULL, 45),
    (350, 'Ушаков Артур Викторович', 'Аналитик данных', 3, 5700, '2021-08-16', NULL, 28),
    (351, 'Федотова Екатерина Игоревна', 'Специалист по 3D-моделированию', 5, 6200, '2019-10-11', NULL, 66),
    (352, 'Хромов Андрей Сергеевич', 'Инженер-электроник', 4, 4900, '2020-04-25', NULL, 15),
    (353, 'Цыганова Ольга Витальевна', 'Техник-лаборант', 1, 2700, '2023-06-18', NULL, 41),
    (354, 'Черкасов Денис Олегович', 'Специалист по кибербезопасности', 5, 7500, '2019-03-07', NULL, 37),
    (355, 'Шишкина Марина Андреевна', 'Инженер-конструктор', 7, 6800, '2017-09-14', NULL, 12),
    (356, 'Юрьев Павел Викторович', 'Лаборант микробиологии', 2, 3100, '2022-02-09', NULL, 74),
    (357, 'Якушева Анна Сергеевна', 'Аналитик биохимии', 4, 5300, '2020-12-22', NULL, 87),
    (358, 'Аксенов Дмитрий Игоревич', 'Инженер-программист', 3, 5800, '2021-07-12', NULL, 8),
    (359, 'Белова Виктория Олеговна', 'Специалист по VR', 2, 6000, '2022-10-05', NULL, 70),
    (360, 'Воронцов Илья Андреевич', 'Техник-робототехник', 4, 4400, '2020-05-19', NULL, 78),
    (361, 'Галкин Артем Витальевич', 'Лаборант генетики', 1, 2800, '2023-01-30', NULL, 64),
    (362, 'Дорофеева Анастасия Сергеевна', 'Инженер-электроник', 5, 5100, '2019-04-03', NULL, 15),
    (363, 'Ефимов Артур Олегович', 'Специалист по ИИ', 6, 8300, '2018-12-17', NULL, 33),
    (364, 'Жданов Денис Викторович', 'Аналитик данных', 3, 5900, '2021-09-28', NULL, 28),
    (365, 'Золотарев Михаил Игоревич', 'Техник-химик', 2, 3600, '2022-04-11', NULL, 58),
    (366, 'Игнатьев Сергей Витальевич', 'Инженер-проектировщик', 7, 6700, '2017-06-25', NULL, 19),
    (367, 'Казакова Елизавета Андреевна', 'Специалист по Big Data', 4, 7300, '2020-08-09', NULL, 45),
    (368, 'Ларин Александр Олегович', 'Лаборант радиологии', 3, 3400, '2021-11-14', NULL, 45),
    (369, 'Михеева Дарья Викторовна', 'Инженер-механик', 5, 5400, '2019-02-27', NULL, 35),
    (370, 'Новиков Виктор Сергеевич', 'Аналитик безопасности', 4, 7100, '2020-10-30', NULL, 81),
    (371, 'Одинцов Артем Игоревич', 'Техник-программист', 2, 4200, '2022-03-15', NULL, 63),
    (372, 'Панова Алина Олеговна', 'Специалист по 3D-печати', 3, 5800, '2021-06-08', NULL, 66),
    (373, 'Решетников Денис Витальевич', 'Инженер-энергетик', 6, 5600, '2018-05-12', NULL, 62),
    (374, 'Сорокин Артем Олегович', 'Лаборант микробиологии', 1, 2900, '2023-07-01', NULL, 74),
    (375, 'Тихомирова Виктория Сергеевна', 'Специалист по нейросетям', 5, 7700, '2019-11-25', NULL, 97),
    (376, 'Ульянов Дмитрий Андреевич', 'Инженер-программист', 4, 6200, '2020-12-14', NULL, 8),
    (377, 'Фролова Анастасия Олеговна', 'Аналитик данных', 3, 5500, '2021-08-07', NULL, 28),
    (378, 'Громов Алексей Викторович', 'Инженер-тестировщик', 2, 4800, '2021-09-01', NULL, 14),
    (379, 'Степанова Вероника Игоревна', 'Лаборант кристаллографии', 1, 3100, '2023-02-15', '2024-06-30', 92),
    (380, 'Королев Денис Олегович', 'Специалист по компьютерной графике', 4, 6700, '2020-07-12', NULL, 66),
    (381, 'Мельникова Арина Сергеевна', 'Техник-эколог', 3, 4200, '2021-11-05', NULL, 53),
    (382, 'Блинов Михаил Андреевич', 'Инженер-аналитик', 5, 7200, '2019-04-18', NULL, 28),
    (383, 'Власова Екатерина Витальевна', 'Специалист по IoT', 2, 5900, '2022-08-22', NULL, 84),
    (384, 'Гуров Артем Игоревич', 'Лаборант нанотехнологий', 1, 2900, '2023-03-10', NULL, 13),
    (385, 'Даниленко Павел Сергеевич', 'Инженер-схемотехник', 6, 6500, '2018-10-07', NULL, 23),
    (386, 'Ершов Дмитрий Олегович', 'Аналитик киберугроз', 4, 7800, '2020-12-25', NULL, 37),
    (387, 'Жигалов Иван Викторович', 'Техник-биохимик', 2, 3400, '2022-05-14', NULL, 87),
    (388, 'Зимина Анастасия Андреевна', 'Специалист по AR', 3, 6300, '2021-10-30', NULL, 70),
    (389, 'Иванченко Артур Дмитриевич', 'Инженер-акустик', 7, 5400, '2017-06-19', NULL, 76),
    (390, 'Кузьмич Ольга Викторовна', 'Лаборант петрографии', 1, 2700, '2023-04-05', NULL, 7),
    (391, 'Лаптева Виктория Сергеевна', 'Специалист по блокчейн', 5, 8200, '2019-01-11', NULL, 45),
    (392, 'Масленников Денис Игоревич', 'Инженер-метролог', 4, 4700, '2020-08-09', NULL, 6),
    (393, 'Никифорова Алина Олеговна', 'Аналитик медицинских данных', 3, 5800, '2021-12-12', NULL, 16),
    (394, 'Орловский Павел Витальевич', 'Техник-геофизик', 2, 3900, '2022-07-07', NULL, 29),
    (395, 'Петропавловский Игорь Андреевич', 'Специалист по квантовой физике', 6, 9100, '2017-09-03', NULL, 68),
    (396, 'Рубцова Дарья Дмитриевна', 'Инженер-электротехник', 3, 5200, '2020-05-28', NULL, 27),
    (397, 'Сафонов Алексей Викторович', 'Лаборант цитологии', 1, 3000, '2023-05-20', NULL, 64),
    (398, 'Терехов Денис Олегович', 'Специалист по DevOps', 4, 7500, '2021-02-15', NULL, 8),
    (399, 'Успенская Мария Игоревна', 'Инженер-контроллер', 5, 6000, '2019-07-24', NULL, 11),
    (400, 'Фомин Артем Денисович', 'Аналитик энергосистем', 3, 6800, '2020-11-11', NULL, 62),
    (401, 'Худякова Елена Викторовна', 'Техник-радиолог', 2, 3600, '2022-09-18', NULL, 45),
    (402, 'Царев Дмитрий Андреевич', 'Специалист по матмоделированию', 7, 7900, '2018-04-22', NULL, 95),
    (403, 'Чернышевская Анна Олеговна', 'Инженер-гидравлик', 4, 5700, '2020-06-05', NULL, 35),
    (404, 'Шапошников Илья Витальевич', 'Лаборант спектроскопии', 1, 3100, '2023-06-25', NULL, 92),
    (405, 'Щукин Владислав Олегович', 'Специалист по компьютерной безопасности', 5, 8300, '2019-03-19', NULL, 81),
    (406, 'Юрков Павел Сергеевич', 'Инженер-технолог', 3, 5900, '2021-08-14', NULL, 19),
    (407, 'Яковлева Виктория Дмитриевна', 'Аналитик геномных данных', 4, 7200, '2020-02-09', NULL, 89),
    (408, 'Андрианова Анастасия Игоревна', 'Техник-оптик', 2, 4100, '2022-10-30', NULL, 66),
    (409, 'Беспалов Денис Викторович', 'Специалист по CAD', 6, 6700, '2018-12-17', NULL, 12),
    (410, 'Воронова Ксения Олеговна', 'Лаборант микробиологии', 1, 2800, '2023-07-12', NULL, 74),
    (411, 'Григоренко Артур Сергеевич', 'Инженер-связист', 5, 6100, '2019-09-25', NULL, 38),
    (412, 'Демин Михаил Андреевич', 'Аналитик Big Data', 3, 7400, '2021-04-07', NULL, 45),
    (413, 'Ерохин Виктор Витальевич', 'Техник-криминалист', 4, 4900, '2020-07-30', NULL, 9),
    (414, 'Журавлев Артем Олегович', 'Специалист по робототехнике', 2, 5800, '2022-01-23', NULL, 78),
    (415, 'Завьялова Дарья Сергеевна', 'Инженер-электроник', 3, 5300, '2021-10-11', NULL, 15),
    (416, 'Исаева Виктория Викторовна', 'Лаборант биофизики', 1, 2900, '2023-08-05', NULL, 7),
    (417, 'Капустин Алексей Игоревич', 'Специалист по ML', 5, 8100, '2019-05-18', NULL, 84),
    (418, 'Логинова Алина Андреевна', 'Инженер-проектировщик', 4, 6900, '2020-09-14', NULL, 19),
    (419, 'Максимов Денис Витальевич', 'Аналитик транспортных систем', 3, 6200, '2021-12-28', NULL, 38),
    (420, 'Носов Артем Олегович', 'Техник-хирург', 6, 5700, '2018-11-03', '2023-12-01', 18),
    (421, 'Озеров Павел Дмитриевич', 'Специалист по VR-безопасности', 2, 6400, '2022-02-16', NULL, 70),
    (422, 'Панкратова Анна Викторовна', 'Инженер-аналитик', 4, 7100, '2020-04-19', NULL, 28),
    (423, 'Рогов Дмитрий Олегович', 'Лаборант генной инженерии', 1, 3100, '2023-09-09', NULL, 89),
    (424, 'Самойлов Игорь Витальевич', 'Специалист по квантовой криптографии', 7, 9200, '2017-07-22', NULL, 81),
    (425, 'Тихонравова Екатерина Игоревна', 'Инженер-теплофизик', 3, 5900, '2021-05-11', NULL, 6),
    (426, 'Уваров Артем Сергеевич', 'Аналитик климатических данных', 4, 6800, '2020-10-05', NULL, 53),
    (427, 'Федосов Денис Андреевич', 'Техник-радиоэлектроник', 2, 4500, '2022-03-28', NULL, 15),
    (428, 'Харитонова Виктория Олеговна', 'Специалист по 3D-сканированию', 5, 7300, '2019-06-13', NULL, 66),
    (429, 'Цветковский Михаил Викторович', 'Инженер-конструктор', 6, 7800, '2018-08-27', NULL, 12),
    (430, 'Чугунов Алексей Игоревич', 'Лаборант астрофизики', 1, 3200, '2023-10-14', NULL, 76),
    (431, 'Широкова Анна Дмитриевна', 'Специалист по NLP', 4, 8500, '2020-01-07', NULL, 95),
    (432, 'Юдинцев Павел Витальевич', 'Инженер-программист', 3, 6300, '2021-07-19', NULL, 8),
    (433, 'Янковский Денис Олегович', 'Аналитик медицинского оборудования', 5, 7200, '2019-10-30', NULL, 16),
    (434, 'Алехина Марина Сергеевна', 'Техник-оптометрист', 2, 3800, '2022-04-12', NULL, 9),
    (435, 'Быков Артур Викторович', 'Специалист по компьютерному зрению', 4, 7900, '2020-03-25', NULL, 88),
    (436, 'Васильчук Дарья Игоревна', 'Инженер-робототехник', 3, 6700, '2021-09-08', NULL, 78),
    (437, 'Горбунов Илья Олегович', 'Лаборант микробиологии', 1, 2900, '2023-11-01', NULL, 74),
    (438, 'Дроздова Анастасия Витальевна', 'Специалист по кибернетике', 6, 8400, '2018-05-16', NULL, 33),
    (439, 'Емельянов Виктор Сергеевич', 'Инженер-сметчик', 4, 6100, '2020-12-09', NULL, 19),
    (440, 'Жилинская Ольга Андреевна', 'Аналитик финансовых данных', 3, 6500, '2021-08-22', NULL, 46),
    (441, 'Захаров Игорь Витальевич', 'Техник-криогенщик', 2, 4900, '2022-05-05', NULL, 64),
    (442, 'Игнатенко Анна Олеговна', 'Специалист по биометрии', 5, 7700, '2019-11-18', NULL, 89),
    (443, 'Казаков Артем Дмитриевич', 'Инженер-аналитик', 4, 7100, '2020-06-14', NULL, 28),
    (444, 'Лазарева Виктория Викторовна', 'Лаборант химии полимеров', 1, 3000, '2023-12-07', NULL, 17),
    (445, 'Маркин Денис Олегович', 'Специалист по VR-терапии', 3, 6800, '2021-01-25', NULL, 70),
    (446, 'Николаенко Артем Игоревич', 'Инженер-электрик', 6, 5900, '2018-09-11', NULL, 27),
    (447, 'Овсянников Павел Витальевич', 'Аналитик транспортных потоков', 4, 7200, '2020-04-03', NULL, 38),
    (448, 'Петровский Дмитрий Олегович', 'Техник-нейрохирург', 2, 5700, '2022-07-19', '2024-01-01', 18),
    (449, 'Романовская Екатерина Игоревна', 'Специалист по блокчейн-безопасности', 5, 8600, '2019-02-14', NULL, 37),
    (450, 'Савицкий Алексей Викторович', 'Инженер-акустик', 3, 6200, '2021-10-07', NULL, 76),
    (451, 'Ткачев Денис Олегович', 'Лаборант астрономии', 1, 3100, '2023-01-12', NULL, 76),
    (452, 'Ульянова Виктория Сергеевна', 'Специалист по ML-алгоритмам', 4, 8100, '2020-07-28', NULL, 84),
    (453, 'Федорук Артем Витальевич', 'Инженер-конструктор', 5, 7400, '2019-12-05', NULL, 12),
    (454, 'Хромова Алина Олеговна', 'Аналитик экологических рисков', 3, 6700, '2021-03-17', NULL, 53),
    (455, 'Цыганков Михаил Игоревич', 'Техник-радиоинженер', 2, 5200, '2022-08-09', NULL, 15),
    (456, 'Черкасская Дарья Викторовна', 'Специалист по 3D-анимации', 4, 6900, '2020-05-21', NULL, 66),
    (457, 'Шевченко Игорь Олегович', 'Инженер-программист', 6, 7800, '2018-10-14', NULL, 8),
    (458, 'Юсупова Анна Андреевна', 'Лаборант биохимии', 1, 2900, '2023-02-27', NULL, 87),
    (459, 'Яшин Артем Витальевич', 'Специалист по квантовым вычислениям', 7, 9400, '2017-04-09', NULL, 68),
    (460, 'Антонова Виктория Олеговна', 'Инженер-технолог', 3, 6100, '2021-06-30', NULL, 19),
    (461, 'Богдановский Дмитрий Игоревич', 'Аналитик медицинских исследований', 4, 7300, '2020-09-15', NULL, 16),
    (462, 'Власов Артем Викторович', 'Техник-оптик', 2, 4300, '2022-11-08', NULL, 66),
    (463, 'Гордеев Илья Олегович', 'Специалист по IoT-безопасности', 5, 7900, '2019-08-22', NULL, 84),
    (464, 'Дмитриев Артем Сергеевич', 'Инженер-робототехник', 3, 6800, '2021-01-11', NULL, 78),
    (465, 'Ефимова Дарья Витальевна', 'Лаборант генетики', 1, 3000, '2023-03-25', NULL, 89),
    (466, 'Жуков Артур Викторович', 'Специалист по Big Data', 6, 8200, '2018-12-03', NULL, 98),
    (467, 'Зарецкая Анна Игоревна', 'Инженер-электроник', 4, 5700, '2020-06-17', NULL, 15),
    (468, 'Ильюшенко Денис Олегович', 'Аналитик клинических данных', 3, 6500, '2021-10-29', NULL, 16),
    (469, 'Карелин Михаил Витальевич', 'Техник-криобиолог', 2, 4900, '2022-04-14', NULL, 64),
    (470, 'Лапшин Дмитрий Олегович', 'Специалист по VR-разработке', 4, 7200, '2020-01-08', NULL, 70),
    (471, 'Мартынюк Виктория Сергеевна', 'Инженер-проектировщик', 5, 6900, '2019-07-01', NULL, 19),
    (472, 'Нестеров Павел Викторович', 'Лаборант астрофизики', 1, 3100, '2023-04-18', NULL, 76),
    (473, 'Орлова Алина Олеговна', 'Специалист по машинному зрению', 3, 7600, '2021-12-22', NULL, 88),
    (474, 'Полянский Артем Игоревич', 'Инженер-теплоэнергетик', 6, 6300, '2018-11-25', NULL, 6),
    (475, 'Родионова Виктория Витальевна', 'Аналитик фармакологических данных', 4, 7100, '2020-05-07', NULL, 16),
    (476, 'Савченко Игорь Олегович', 'Техник-радиоинженер', 2, 5400, '2022-09-11', NULL, 15),
    (477, 'Тарасов Артем Витальевич', 'Специалист по блокчейн-технологиям', 5, 8500, '2019-10-04', NULL, 45);
